{"cameraMode":{"drawMode":0,"name":"Shaded","section":"Shading Mode"},"sceneLighting":false,"audioPlay":false,"sceneViewState":{"showFog":true,"showMaterialUpdate":false,"showSkybox":false,"showFlares":true,"showImageEffects":true,"showParticleSystems":true},"in2DMode":false,"pivot":{"x":-30.53447723388672,"y":19.559852600097658,"z":-165.4948272705078},"rotation":{"x":0.16579528152942658,"y":0.05321957543492317,"z":-0.008962983265519143,"w":0.9846878051757813},"size":2.358609676361084,"orthographic":false}