{"cameraMode":{"drawMode":0,"name":"Shaded","section":"Shading Mode"},"sceneLighting":true,"audioPlay":false,"sceneViewState":{"showFog":true,"showMaterialUpdate":false,"showSkybox":true,"showFlares":true,"showImageEffects":true,"showParticleSystems":true},"in2DMode":false,"pivot":{"x":-73.82381439208985,"y":-42.486568450927737,"z":-304.9913330078125},"rotation":{"x":-0.018441207706928254,"y":0.980226457118988,"z":-0.14811952412128449,"w":-0.12994235754013062},"size":283.1285400390625,"orthographic":false}