{"cameraMode":{"drawMode":0,"name":"Shaded","section":"Shading Mode"},"sceneLighting":true,"audioPlay":false,"sceneViewState":{"showFog":true,"showMaterialUpdate":false,"showSkybox":false,"showFlares":true,"showImageEffects":true,"showParticleSystems":true},"in2DMode":false,"pivot":{"x":25.14026641845703,"y":5.460865020751953,"z":9.616891860961914},"rotation":{"x":0.5009518265724182,"y":0.07382532954216004,"z":-0.042908988893032077,"w":0.861270010471344},"size":108.9383544921875,"orthographic":false}