{"cameraMode":{"drawMode":0,"name":"Shaded","section":"Shading Mode"},"sceneLighting":true,"audioPlay":false,"sceneViewState":{"showFog":true,"showMaterialUpdate":false,"showSkybox":true,"showFlares":true,"showImageEffects":true,"showParticleSystems":true},"in2DMode":false,"pivot":{"x":-14.910440444946289,"y":76.2938232421875,"z":17.651412963867189},"rotation":{"x":-0.2829527258872986,"y":-0.2925453782081604,"z":0.09107568860054016,"w":-0.9088802337646484},"size":390.1520080566406,"orthographic":false}