{"cameraMode":{"drawMode":0,"name":"Shaded","section":"Shading Mode"},"sceneLighting":true,"audioPlay":false,"sceneViewState":{"showFog":true,"showMaterialUpdate":false,"showSkybox":true,"showFlares":true,"showImageEffects":true,"showParticleSystems":true},"in2DMode":false,"pivot":{"x":59.774658203125,"y":-61.54671859741211,"z":52.89170837402344},"rotation":{"x":-0.23950627446174622,"y":-0.6505433320999146,"z":0.22784008085727693,"w":-0.6837759613990784},"size":428.46673583984377,"orthographic":false}