{"cameraMode":{"drawMode":0,"name":"Shaded","section":"Shading Mode"},"sceneLighting":true,"audioPlay":false,"sceneViewState":{"showFog":true,"showMaterialUpdate":false,"showSkybox":true,"showFlares":true,"showImageEffects":true,"showParticleSystems":true},"in2DMode":false,"pivot":{"x":0.0,"y":3.5299999713897707,"z":-35.099998474121097},"rotation":{"x":-0.10402989387512207,"y":-0.8936876058578491,"z":0.34068840742111208,"w":-0.2728927731513977},"size":44.16304397583008,"orthographic":false}