{"cameraMode":{"drawMode":0,"name":"Shaded","section":"Shading Mode"},"sceneLighting":true,"audioPlay":false,"sceneViewState":{"showFog":true,"showMaterialUpdate":false,"showSkybox":true,"showFlares":true,"showImageEffects":true,"showParticleSystems":true},"in2DMode":false,"pivot":{"x":-15.623479843139649,"y":13.738847732543946,"z":-179.52099609375},"rotation":{"x":0.20125317573547364,"y":0.21145398914813996,"z":-0.04454267397522926,"w":0.9554155468940735},"size":71.77873992919922,"orthographic":false}