{"cameraMode":{"drawMode":0,"name":"Shaded","section":"Shading Mode"},"sceneLighting":true,"audioPlay":false,"sceneViewState":{"showFog":true,"showMaterialUpdate":false,"showSkybox":true,"showFlares":true,"showImageEffects":true,"showParticleSystems":true},"in2DMode":false,"pivot":{"x":-391.94000244140627,"y":5.760000228881836,"z":67.8499984741211},"rotation":{"x":0.004002092406153679,"y":0.9960013628005981,"z":-0.06284058094024658,"w":0.06343188136816025},"size":4.38062858581543,"orthographic":false}