{"cameraMode":{"drawMode":0,"name":"Shaded","section":"Shading Mode"},"sceneLighting":true,"audioPlay":false,"sceneViewState":{"showFog":true,"showMaterialUpdate":false,"showSkybox":true,"showFlares":true,"showImageEffects":true,"showParticleSystems":true},"in2DMode":false,"pivot":{"x":-393.4950256347656,"y":6.384262561798096,"z":65.65373992919922},"rotation":{"x":-0.006212991196662188,"y":0.9850567579269409,"z":-0.03637457266449928,"w":-0.16827990114688874},"size":4.5106682777404789,"orthographic":false}