{"cameraMode":{"drawMode":0,"name":"Shaded","section":"Shading Mode"},"sceneLighting":true,"audioPlay":false,"sceneViewState":{"showFog":true,"showMaterialUpdate":false,"showSkybox":true,"showFlares":true,"showImageEffects":true,"showParticleSystems":true},"in2DMode":false,"pivot":{"x":25.22349739074707,"y":1.8388766050338746,"z":8.916348457336426},"rotation":{"x":0.11191840469837189,"y":0.03722618147730827,"z":-0.003719715168699622,"w":0.993135929107666},"size":26.5791015625,"orthographic":true}